<?xml version="1.0" encoding="UTF-8"?>
<appcmd>
    <CONFIG CONFIG.SECTION="system.webServer/rewrite/rules" path="MACHINE/WEBROOT/APPHOST/Default Web Site" overrideMode="Inherit" locked="false">
        <system.webServer-rewrite-rules>
            <rule name="React_bundle_proxy" stopProcessing="true">
                <match url="(static|runtime|img)/(.*)" />
                <conditions>
                    <add input="{REQUEST_FILENAME}" matchType="IsFile" negate="true" />
                    <add input="{REQUEST_FILENAME}" matchType="IsDirectory" negate="true" />
                </conditions>
                <serverVariables>
                </serverVariables>
                <action type="Rewrite" url="http://localhost:3000/{R:1}/{R:2}" />
            </rule>
            <rule name="React_loadcss_proxy" enabled="true" stopProcessing="true">
                <match url="^load.css" />
                <conditions>
                    <add input="{REQUEST_FILENAME}" matchType="IsFile" negate="true" />
                </conditions>
                <serverVariables>
                </serverVariables>
                <action type="Rewrite" url="http://localhost:3000/{R:0}" appendQueryString="false" logRewrittenUrl="true" />
            </rule>
        </system.webServer-rewrite-rules>
    </CONFIG>
</appcmd>